Transaction_ID,Amount,Type,Is_Fraud
1001,2289.89,Debit,0
1002,4575.03,Credit,1
1003,1127.76,Debit,0
1004,1776.56,Credit,0
1005,4463.7,Debit,0
1006,2832.58,Credit,0
1007,2522.25,Debit,0
1008,4970.83,Credit,1
1009,2605.35,Credit,0
1010,2860.04,Debit,0
1011,3199.83,Credit,1
1012,4498.1,Debit,0
1013,898.24,Debit,0
1014,3451.15,Credit,1
1015,3408.77,Debit,0
1016,4410.79,Credit,1
1017,1049.9,Credit,0
1018,1508.38,Credit,0
1019,3221.01,Debit,1
1020,1631.78,Debit,0
1021,4913.66,Debit,0
1022,2979.43,Debit,0
1023,2329.14,Credit,0
1024,2351.66,Debit,0
1025,2309.92,Debit,0
1026,4988.35,Credit,1
1027,406.77,Credit,0
1028,516.11,Debit,0
1029,4676.02,Credit,1
1030,581.67,Debit,0
1031,1311.82,Credit,0
1032,4127.39,Credit,1
1033,2766.05,Credit,0
1034,378.53,Debit,0
1035,3406.01,Debit,1
1036,4490.26,Debit,0
1037,1901.36,Debit,0
1038,4453.55,Debit,0
1039,258.01,Debit,0
1040,4149.17,Credit,1
1041,4421.36,Debit,0
1042,2821.93,Debit,0
1043,1319.23,Credit,0
1044,3097.59,Credit,1
1045,1105.8,Debit,1
1046,888.61,Credit,0
1047,3494.25,Debit,1
1048,4495.74,Credit,1
1049,2439.85,Credit,0
1050,716.13,Credit,0
1051,191.94,Debit,1
1052,1128.6,Debit,0
1053,4292.21,Credit,1
1054,2847.01,Credit,0
1055,2906.98,Credit,0
1056,3495.44,Debit,0
1057,47.1,Debit,0
1058,2069.46,Debit,0
1059,558.34,Credit,1
1060,793.55,Credit,1
1061,2880.53,Debit,0
1062,4502.01,Debit,0
1063,2158.86,Debit,0
1064,4393.46,Debit,0
1065,4729.39,Credit,1
1066,2921.04,Debit,0
1067,3206.7,Credit,1
1068,980.83,Credit,0
1069,4857.75,Debit,0
1070,4809.45,Debit,0
1071,582.37,Debit,0
1072,4737.19,Debit,0
1073,62.0,Debit,1
1074,319.4,Debit,0
1075,277.31,Credit,0
1076,1542.91,Credit,0
1077,4977.23,Credit,1
1078,1535.8,Credit,0
1079,4162.42,Debit,0
1080,926.75,Debit,0
1081,4729.29,Credit,1
1082,2755.94,Credit,0
1083,1837.84,Credit,0
1084,1387.75,Credit,0
1085,1292.7,Debit,1
1086,3665.54,Credit,1
1087,396.05,Debit,0
1088,2279.21,Debit,0
1089,2130.4,Debit,0
1090,4485.59,Debit,0
1091,138.73,Debit,0
1092,1990.44,Debit,1
1093,4063.98,Credit,1
1094,100.97,Credit,0
1095,4650.37,Credit,1
1096,1456.62,Credit,0
1097,1473.67,Debit,0
1098,2706.17,Credit,0
1099,3432.37,Credit,1
1100,1990.44,Debit,0
1101,4335.71,Debit,0
1102,4588.11,Credit,1
1103,3597.75,Debit,0
1104,2625.59,Debit,0
1105,4797.26,Credit,1
1106,4505.69,Debit,0
1107,259.95,Debit,0
1108,2496.64,Debit,0
1109,3812.08,Credit,1
1110,2555.95,Debit,0
1111,4587.35,Debit,0
1112,1886.5,Debit,0
1113,3904.25,Debit,0
1114,2191.54,Debit,1
1115,888.92,Credit,0
1116,2060.48,Credit,1
1117,2466.78,Credit,0
1118,1217.63,Debit,0
1119,4657.41,Debit,0
1120,2478.93,Credit,0
1121,2055.91,Credit,1
1122,4910.63,Credit,1
1123,4504.34,Debit,0
1124,3451.16,Credit,1
1125,466.44,Debit,0
1126,2647.23,Credit,1
1127,2807.4,Credit,0
1128,2303.0,Debit,1
1129,1165.95,Debit,1
1130,3369.14,Credit,1
1131,3484.02,Debit,0
1132,1438.42,Credit,0
1133,1385.1,Credit,0
1134,1108.13,Debit,0
1135,958.03,Credit,0
1136,4941.24,Debit,0
1137,3575.97,Debit,1
1138,3229.6,Credit,1
1139,4646.8,Debit,1
1140,2714.89,Debit,0
1141,607.58,Debit,0
1142,2078.88,Credit,0
1143,1146.51,Debit,0
1144,4399.02,Debit,0
1145,1247.67,Debit,0
1146,2461.88,Debit,0
1147,3140.69,Credit,1
1148,4083.23,Debit,0
1149,3285.64,Credit,1
1150,1665.58,Debit,0
1151,2591.73,Credit,0
1152,2068.97,Debit,0
1153,158.66,Credit,0
1154,1025.67,Credit,0
1155,391.41,Credit,1
1156,1820.47,Debit,0
1157,4396.57,Debit,1
1158,4473.24,Credit,1
1159,341.37,Debit,1
1160,2724.05,Credit,1
1161,99.97,Debit,0
1162,823.3,Credit,0
1163,4870.48,Credit,1
1164,3474.88,Credit,1
1165,4828.89,Debit,1
1166,537.92,Credit,0
1167,3175.29,Debit,0
1168,3005.93,Debit,0
1169,4613.15,Credit,1
1170,4717.29,Credit,1
1171,1744.75,Debit,0
1172,4244.45,Debit,0
1173,1339.68,Credit,0
1174,482.18,Debit,1
1175,2826.77,Credit,0
1176,1808.56,Debit,1
1177,70.29,Debit,0
1178,255.51,Credit,0
1179,4617.77,Debit,1
1180,2389.49,Credit,0
1181,754.72,Credit,0
1182,939.3,Debit,0
1183,2658.2,Credit,0
1184,738.97,Debit,0
1185,4403.09,Debit,1
1186,3851.42,Debit,0
1187,151.79,Credit,1
1188,1394.31,Debit,0
1189,4117.27,Credit,1
1190,4179.95,Credit,1
1191,1414.34,Credit,1
1192,3258.19,Debit,1
1193,3121.11,Credit,1
1194,1298.66,Debit,0
1195,3178.27,Credit,1
1196,2303.85,Debit,0
1197,2496.45,Debit,0
1198,812.93,Debit,0
1199,2162.25,Debit,0
1200,873.34,Debit,0
1201,196.74,Credit,0
1202,1735.53,Debit,0
1203,4426.52,Credit,1
1204,1925.65,Debit,0
1205,792.91,Credit,0
1206,2339.99,Credit,1
1207,3393.0,Credit,1
1208,2317.58,Credit,0
1209,2846.66,Credit,0
1210,230.78,Debit,1
1211,1478.93,Debit,0
1212,4686.91,Credit,1
1213,2189.72,Credit,0
1214,2765.02,Debit,1
1215,3463.01,Credit,1
1216,2024.47,Credit,1
1217,2809.48,Debit,0
1218,1288.34,Debit,1
1219,296.55,Debit,0
1220,3569.48,Debit,0
1221,3535.08,Debit,0
1222,2188.97,Debit,0
1223,687.3,Debit,0
1224,2430.31,Credit,0
1225,4977.95,Credit,1
1226,319.83,Credit,0
1227,4920.09,Credit,1
1228,4920.04,Debit,1
1229,3029.08,Debit,0
1230,3832.86,Debit,0
1231,4901.49,Debit,0
1232,2618.07,Debit,0
1233,4064.91,Debit,0
1234,3177.27,Credit,1
1235,2300.42,Debit,0
1236,995.55,Credit,0
1237,3734.73,Debit,1
1238,3766.13,Credit,1
1239,1018.32,Credit,1
1240,348.04,Credit,0
1241,2725.72,Credit,0
1242,832.35,Credit,0
1243,4202.19,Credit,1
1244,4853.23,Credit,1
1245,3644.18,Debit,0
1246,4547.15,Credit,1
1247,2035.38,Credit,0
1248,1500.61,Debit,0
1249,3725.72,Credit,1
1250,4690.0,Debit,0
1251,2130.46,Debit,1
1252,4731.81,Credit,1
1253,2185.23,Debit,1
1254,1401.52,Credit,0
1255,4002.91,Debit,1
1256,3625.99,Debit,0
1257,4644.38,Debit,0
1258,2518.54,Debit,1
1259,231.39,Debit,1
1260,4505.03,Credit,1
1261,2598.39,Credit,0
1262,1326.08,Debit,0
1263,2357.01,Credit,0
1264,2772.56,Debit,0
1265,1717.98,Credit,0
1266,4322.76,Debit,0
1267,404.09,Credit,0
1268,1961.66,Credit,0
1269,1808.33,Credit,0
1270,1295.33,Credit,0
1271,4405.72,Debit,1
1272,4447.42,Credit,1
1273,3905.27,Credit,1
1274,1213.55,Credit,0
1275,4768.69,Credit,1
1276,2686.69,Credit,0
1277,1303.84,Credit,0
1278,910.18,Credit,1
1279,3827.01,Credit,1
1280,4306.96,Debit,0
1281,1190.74,Debit,0
1282,2833.63,Debit,0
1283,1392.88,Credit,0
1284,3456.62,Debit,0
1285,828.48,Credit,0
1286,4830.64,Debit,1
1287,2819.54,Credit,0
1288,4882.87,Credit,1
1289,2971.91,Credit,0
1290,4232.84,Debit,0
1291,4927.09,Debit,0
1292,4674.17,Credit,1
1293,862.92,Credit,0
1294,4046.24,Debit,1
1295,533.13,Credit,0
1296,3592.67,Debit,0
1297,2591.71,Debit,0
1298,3926.17,Debit,0
1299,2917.08,Debit,0
1300,4616.26,Credit,1
1301,4346.78,Credit,1
1302,3264.55,Debit,0
1303,2533.89,Credit,0
1304,3751.22,Debit,0
1305,1713.69,Debit,0
1306,2283.3,Credit,0
1307,2044.72,Debit,0
1308,4846.33,Credit,1
1309,65.6,Credit,1
1310,4919.54,Debit,0
1311,310.3,Debit,0
1312,3352.25,Credit,1
1313,134.9,Debit,1
1314,3435.01,Debit,0
1315,3501.47,Credit,1
1316,4420.77,Debit,0
1317,1400.16,Debit,0
1318,3801.5,Credit,1
1319,3905.9,Credit,1
1320,4562.35,Debit,0
1321,4071.66,Credit,1
1322,225.42,Debit,0
1323,1154.8,Debit,0
1324,3615.39,Credit,1
1325,4422.06,Debit,0
1326,4781.12,Debit,0
1327,3822.63,Debit,0
1328,1652.37,Debit,0
1329,4546.58,Debit,0
1330,1996.95,Debit,0
1331,1984.51,Credit,0
1332,4111.41,Credit,1
1333,1899.37,Debit,0
1334,1754.4,Credit,0
1335,3942.98,Debit,0
1336,3368.63,Credit,1
1337,477.32,Debit,0
1338,685.02,Credit,1
1339,3745.39,Debit,0
1340,1471.05,Credit,0
1341,156.89,Debit,0
1342,2215.56,Credit,0
1343,2620.03,Credit,0
1344,1119.37,Debit,0
1345,1109.31,Debit,0
1346,1297.9,Debit,0
1347,1889.23,Debit,0
1348,1991.4,Credit,0
1349,65.55,Credit,1
1350,127.9,Credit,0
1351,2237.29,Debit,0
1352,1195.36,Credit,0
1353,3245.34,Credit,1
1354,592.92,Credit,0
1355,1671.29,Credit,0
1356,3247.87,Credit,1
1357,600.38,Debit,0
1358,1058.32,Debit,1
1359,3672.49,Credit,1
1360,4281.53,Credit,1
1361,4857.76,Credit,1
1362,2753.49,Credit,0
1363,2378.4,Debit,0
1364,2804.54,Credit,0
1365,2280.85,Debit,0
1366,721.66,Debit,0
1367,3365.09,Credit,1
1368,1589.05,Credit,0
1369,3108.85,Debit,0
1370,2494.46,Debit,0
1371,2238.22,Credit,0
1372,2084.97,Credit,1
1373,437.11,Debit,0
1374,12.58,Credit,0
1375,3171.01,Debit,0
1376,1856.78,Debit,0
1377,4907.51,Debit,1
1378,4188.28,Credit,1
1379,4928.05,Credit,1
1380,2180.07,Credit,1
1381,4104.61,Credit,1
1382,919.55,Credit,0
1383,3625.81,Debit,0
1384,3668.73,Credit,1
1385,4740.48,Credit,1
1386,3646.98,Credit,1
1387,1665.51,Debit,0
1388,2305.73,Credit,1
1389,3061.68,Debit,0
1390,3897.33,Credit,1
1391,1365.09,Debit,0
1392,1542.83,Debit,0
1393,2922.43,Credit,0
1394,4103.48,Credit,1
1395,3232.48,Credit,1
1396,1471.95,Credit,1
1397,4776.37,Debit,0
1398,2730.15,Credit,1
1399,2123.33,Credit,0
1400,2332.68,Credit,1
1401,4026.65,Debit,0
1402,4641.45,Credit,1
1403,452.86,Credit,0
1404,4150.62,Credit,1
1405,53.04,Debit,0
1406,4685.11,Debit,0
1407,367.31,Credit,0
1408,4545.94,Debit,1
1409,1802.66,Credit,0
1410,4692.89,Credit,1
1411,218.7,Debit,0
1412,3159.77,Debit,0
1413,4364.21,Debit,0
1414,2030.43,Debit,0
1415,176.38,Credit,0
1416,4697.14,Debit,1
1417,2009.83,Credit,1
1418,4619.94,Credit,1
1419,4108.6,Debit,1
1420,2727.12,Debit,1
1421,611.3,Credit,0
1422,4946.57,Debit,0
1423,4963.62,Debit,0
1424,2322.12,Debit,0
1425,1564.1,Debit,0
1426,2352.52,Credit,1
1427,2724.4,Debit,1
1428,3326.25,Credit,1
1429,3132.36,Credit,1
1430,2407.3,Debit,0
1431,3481.24,Debit,0
1432,12.9,Credit,0
1433,544.03,Debit,0
1434,2526.25,Credit,0
1435,1633.47,Credit,1
1436,4188.69,Debit,1
1437,4929.9,Debit,0
1438,2615.93,Credit,1
1439,2912.61,Credit,1
1440,1859.88,Credit,0
1441,2086.84,Credit,0
1442,3135.82,Credit,1
1443,4610.35,Debit,0
1444,1492.62,Credit,0
1445,2572.77,Credit,0
1446,2334.4,Credit,0
1447,4869.86,Credit,1
1448,3058.81,Debit,0
1449,1602.8,Credit,0
1450,2574.39,Debit,0
1451,4336.47,Credit,1
1452,1418.42,Debit,0
1453,2698.78,Debit,1
1454,3266.12,Credit,1
1455,3133.81,Credit,1
1456,3900.32,Credit,1
1457,2463.6,Credit,0
1458,1483.77,Debit,0
1459,2201.51,Debit,1
1460,644.13,Debit,0
1461,188.62,Debit,0
1462,2515.05,Debit,0
1463,511.7,Debit,0
1464,4685.63,Debit,0
1465,4012.19,Credit,1
1466,627.8,Debit,0
1467,3842.36,Credit,1
1468,3718.47,Debit,1
1469,432.76,Credit,1
1470,4034.3,Credit,1
1471,2397.03,Debit,1
1472,3036.77,Debit,0
1473,2388.38,Credit,0
1474,381.34,Debit,1
1475,4793.4,Credit,1
1476,1847.35,Credit,0
1477,4836.45,Debit,0
1478,2045.18,Credit,0
1479,4725.55,Debit,0
1480,774.57,Debit,0
1481,91.2,Debit,1
1482,1315.77,Credit,1
1483,145.29,Debit,0
1484,4744.52,Credit,1
1485,3093.18,Debit,0
1486,375.19,Debit,0
1487,3046.74,Credit,1
1488,2652.85,Credit,0
1489,3529.85,Credit,1
1490,3786.15,Debit,0
1491,2852.71,Credit,0
1492,1979.62,Debit,0
1493,2659.8,Credit,0
1494,3880.5,Credit,1
1495,2922.37,Credit,1
1496,2276.65,Credit,0
1497,1390.49,Credit,1
1498,524.99,Credit,0
1499,2387.37,Debit,0
1500,3213.73,Debit,1
1501,4365.49,Debit,0
1502,2145.95,Credit,1
1503,246.06,Debit,0
1504,4208.2,Credit,1
1505,515.55,Debit,0
1506,4320.93,Credit,1
1507,722.52,Credit,0
1508,3491.18,Debit,1
1509,3412.52,Debit,0
1510,1351.57,Debit,0
1511,3554.23,Credit,1
1512,2802.29,Debit,0
1513,3745.78,Debit,1
1514,2258.26,Debit,0
1515,2795.1,Debit,0
1516,4092.5,Debit,0
1517,1127.04,Credit,1
1518,1160.71,Credit,0
1519,1741.24,Debit,1
1520,4705.34,Credit,1
1521,4112.31,Credit,1
1522,1863.65,Debit,0
1523,1794.51,Debit,0
1524,3742.45,Credit,1
1525,2351.99,Credit,0
1526,3228.91,Debit,0
1527,2374.88,Debit,0
1528,2406.66,Credit,0
1529,2629.25,Credit,1
1530,2164.18,Debit,0
1531,3463.2,Credit,1
1532,574.88,Debit,1
1533,1421.95,Debit,0
1534,3435.72,Credit,1
1535,4850.64,Debit,1
1536,3515.51,Debit,0
1537,3138.69,Credit,1
1538,859.29,Debit,0
1539,2612.98,Credit,0
1540,2579.59,Credit,1
1541,2971.32,Credit,1
1542,3138.43,Credit,1
1543,1279.82,Credit,0
1544,287.16,Credit,0
1545,570.8,Debit,0
1546,197.26,Credit,1
1547,1276.91,Credit,0
1548,502.42,Credit,0
1549,3326.74,Credit,1
1550,3207.09,Credit,1
1551,3817.86,Debit,1
1552,3795.01,Credit,1
1553,3211.21,Debit,0
1554,4020.03,Debit,0
1555,636.68,Debit,1
1556,274.28,Credit,1
1557,2188.75,Debit,0
1558,1015.67,Credit,0
1559,2875.01,Credit,0
1560,3109.65,Credit,1
1561,4684.29,Credit,1
1562,981.75,Debit,0
1563,3074.13,Debit,1
1564,277.57,Debit,0
1565,884.44,Credit,0
1566,4697.98,Credit,1
1567,1094.91,Credit,0
1568,2422.97,Credit,0
1569,1194.04,Debit,0
1570,2513.29,Credit,0
1571,1336.16,Debit,1
1572,1257.69,Credit,0
1573,1766.61,Debit,0
1574,2735.31,Credit,0
1575,1326.42,Credit,0
1576,2449.58,Credit,0
1577,3474.61,Credit,1
1578,477.84,Credit,0
1579,375.45,Debit,0
1580,4533.08,Credit,1
1581,483.72,Credit,0
1582,4596.74,Debit,0
1583,2039.19,Debit,0
1584,2352.7,Debit,0
1585,2870.38,Debit,0
1586,3436.85,Credit,1
1587,1078.6,Debit,0
1588,3583.02,Credit,1
1589,985.01,Credit,0
1590,2231.72,Credit,0
1591,2001.02,Credit,1
1592,4700.82,Debit,0
1593,3845.48,Credit,1
1594,947.17,Credit,0
1595,4438.43,Credit,1
1596,4758.61,Credit,1
1597,124.84,Debit,0
1598,263.22,Debit,0
1599,1030.65,Debit,0
1600,4053.07,Debit,0
1601,3181.04,Debit,0
1602,2192.59,Debit,0
1603,3791.27,Debit,0
1604,4339.32,Credit,1
1605,626.03,Credit,0
1606,1328.01,Credit,0
1607,4871.89,Credit,1
1608,518.53,Credit,0
1609,2715.33,Debit,0
1610,285.77,Credit,0
1611,2398.07,Debit,0
1612,4071.9,Debit,1
1613,2656.44,Debit,0
1614,645.39,Credit,0
1615,2894.83,Credit,0
1616,4254.71,Credit,1
1617,3608.45,Debit,0
1618,1320.08,Credit,0
1619,2958.94,Credit,0
1620,4622.12,Credit,1
1621,1447.89,Credit,0
1622,3581.98,Credit,1
1623,4856.07,Credit,1
1624,1914.69,Credit,0
1625,2210.92,Credit,1
1626,1739.32,Credit,0
1627,2831.51,Debit,0
1628,399.19,Credit,0
1629,4936.51,Debit,0
1630,4964.08,Credit,1
1631,174.12,Credit,1
1632,3049.05,Credit,1
1633,4817.58,Debit,0
1634,2363.1,Debit,1
1635,1607.91,Credit,0
1636,1416.52,Debit,0
1637,42.11,Credit,1
1638,4247.79,Credit,1
1639,933.44,Debit,0
1640,1486.17,Debit,0
1641,1242.52,Credit,0
1642,2703.97,Credit,1
1643,2316.47,Debit,0
1644,3416.07,Debit,0
1645,4161.73,Credit,1
1646,4692.25,Debit,0
1647,3342.17,Debit,1
1648,4188.14,Credit,1
1649,945.22,Credit,0
1650,624.51,Debit,0
1651,696.01,Credit,1
1652,19.58,Credit,0
1653,4155.79,Debit,0
1654,3605.08,Credit,1
1655,4303.36,Credit,1
1656,565.04,Credit,0
1657,3708.39,Credit,1
1658,2668.04,Debit,0
1659,2730.14,Debit,1
1660,2554.25,Debit,0
1661,1555.99,Credit,0
1662,269.97,Debit,0
1663,4612.06,Debit,0
1664,627.86,Debit,1
1665,2619.01,Debit,1
1666,3718.39,Credit,1
1667,1398.24,Credit,0
1668,3669.21,Debit,0
1669,4243.66,Credit,1
1670,4549.19,Credit,1
1671,2054.11,Credit,0
1672,3598.75,Credit,1
1673,3664.43,Credit,1
1674,813.73,Debit,0
1675,2984.53,Debit,0
1676,4802.55,Debit,0
1677,2235.2,Debit,1
1678,1716.5,Credit,0
1679,4823.33,Debit,1
1680,1505.05,Credit,0
1681,1450.77,Credit,1
1682,3316.09,Credit,1
1683,1713.55,Debit,0
1684,4544.53,Debit,0
1685,2240.91,Debit,0
1686,3193.68,Debit,0
1687,964.93,Credit,1
1688,2779.77,Debit,0
1689,3435.65,Credit,1
1690,4569.18,Credit,1
1691,4119.79,Credit,1
1692,3819.9,Credit,1
1693,3058.43,Debit,0
1694,180.86,Debit,0
1695,842.83,Credit,1
1696,645.64,Credit,0
1697,4213.35,Credit,1
1698,3808.73,Debit,0
1699,3056.7,Debit,0
1700,787.69,Credit,1
1701,4259.06,Credit,1
1702,4012.91,Debit,1
1703,2977.38,Debit,1
1704,3224.97,Debit,0
1705,2257.99,Debit,1
1706,3424.99,Credit,1
1707,3576.67,Debit,0
1708,2639.3,Credit,0
1709,4936.43,Credit,1
1710,916.43,Debit,0
1711,3447.43,Credit,1
1712,354.69,Debit,0
1713,3231.71,Debit,1
1714,4441.82,Credit,1
1715,811.35,Debit,0
1716,1612.62,Debit,0
1717,4374.1,Debit,0
1718,243.61,Debit,0
1719,716.6,Credit,0
1720,4207.13,Credit,1
1721,817.34,Debit,0
1722,1688.23,Credit,1
1723,136.15,Debit,0
1724,206.0,Debit,0
1725,174.47,Debit,0
1726,4038.54,Debit,0
1727,4794.98,Debit,1
1728,4395.32,Debit,0
1729,875.86,Credit,0
1730,4781.76,Credit,1
1731,2602.31,Debit,0
1732,3621.1,Credit,1
1733,659.72,Debit,0
1734,3706.95,Debit,0
1735,2527.04,Debit,0
1736,2282.49,Debit,0
1737,3343.13,Credit,1
1738,4132.64,Debit,1
1739,1677.39,Debit,0
1740,1311.93,Credit,0
1741,2868.6,Credit,0
1742,2851.69,Credit,1
1743,39.66,Credit,0
1744,2597.79,Debit,0
1745,4089.73,Debit,0
1746,2800.24,Debit,0
1747,4080.68,Credit,1
1748,3860.94,Credit,1
1749,1736.95,Credit,1
1750,807.17,Debit,0
1751,3907.24,Debit,0
1752,1107.74,Credit,0
1753,3714.28,Credit,1
1754,1241.5,Debit,0
1755,2682.43,Debit,0
1756,4517.52,Debit,1
1757,2832.53,Debit,0
1758,3442.07,Debit,0
1759,4707.54,Debit,1
1760,1385.37,Credit,0
1761,3186.62,Credit,1
1762,957.33,Credit,1
1763,4074.07,Debit,0
1764,2760.09,Debit,0
1765,416.26,Debit,0
1766,4868.59,Credit,1
1767,3715.85,Debit,0
1768,3885.59,Debit,0
1769,922.98,Credit,0
1770,4277.1,Debit,0
1771,3393.2,Debit,0
1772,4594.36,Debit,0
1773,1465.89,Debit,0
1774,2926.36,Debit,0
1775,2424.36,Debit,0
1776,4225.25,Credit,1
1777,4607.73,Debit,0
1778,4758.01,Debit,0
1779,2738.31,Debit,0
1780,4700.92,Credit,1
1781,807.87,Debit,1
1782,1843.51,Debit,0
1783,2640.93,Credit,0
1784,2546.23,Debit,1
1785,3180.4,Debit,0
1786,4759.17,Credit,1
1787,2163.61,Credit,0
1788,1229.56,Credit,0
1789,4443.69,Debit,0
1790,4168.62,Credit,1
1791,1285.0,Credit,0
1792,4502.8,Credit,1
1793,2969.57,Debit,0
1794,20.52,Credit,1
1795,3805.23,Credit,1
1796,2242.49,Credit,0
1797,2156.01,Debit,0
1798,1342.89,Credit,1
1799,1737.26,Debit,0
1800,611.71,Debit,0
1801,4580.74,Debit,0
1802,465.26,Credit,1
1803,390.98,Credit,0
1804,2178.38,Credit,0
1805,1265.63,Credit,0
1806,1438.11,Debit,1
1807,3330.0,Debit,0
1808,1915.77,Credit,0
1809,1361.16,Debit,0
1810,1408.91,Credit,0
1811,969.4,Credit,0
1812,3184.02,Credit,1
1813,1501.68,Credit,0
1814,440.2,Credit,0
1815,2899.07,Debit,0
1816,938.23,Debit,0
1817,1776.8,Credit,1
1818,4170.81,Credit,1
1819,4350.36,Debit,0
1820,1733.1,Debit,0
1821,618.62,Credit,0
1822,3555.86,Debit,0
1823,1394.21,Debit,0
1824,3881.98,Credit,1
1825,189.83,Debit,0
1826,886.02,Debit,0
1827,2347.52,Credit,0
1828,3284.76,Debit,0
1829,3423.72,Credit,1
1830,1918.59,Credit,0
1831,1245.46,Credit,0
1832,3474.85,Debit,0
1833,426.47,Debit,0
1834,138.92,Debit,0
1835,72.29,Credit,0
1836,749.05,Debit,0
1837,1717.26,Debit,0
1838,2568.94,Debit,0
1839,3849.09,Debit,0
1840,982.6,Credit,0
1841,2500.25,Credit,1
1842,3923.39,Credit,1
1843,4082.61,Debit,0
1844,1315.95,Credit,0
1845,4940.38,Credit,1
1846,4595.69,Debit,0
1847,2037.99,Credit,0
1848,4366.11,Credit,1
1849,3690.8,Debit,0
1850,2648.29,Credit,0
1851,1203.23,Debit,0
1852,4627.07,Credit,1
1853,4336.69,Credit,1
1854,1078.71,Credit,1
1855,2256.35,Credit,1
1856,4206.57,Debit,1
1857,2220.61,Debit,0
1858,2612.82,Credit,1
1859,3018.82,Credit,1
1860,1646.21,Debit,0
1861,2065.38,Credit,0
1862,4150.04,Credit,1
1863,1450.03,Debit,0
1864,4474.19,Credit,1
1865,987.79,Debit,0
1866,221.88,Credit,0
1867,1335.15,Debit,0
1868,116.24,Credit,0
1869,2191.48,Credit,0
1870,34.51,Debit,0
1871,2293.15,Credit,0
1872,992.58,Debit,0
1873,2886.26,Credit,0
1874,1874.91,Credit,0
1875,4189.76,Credit,1
1876,1269.11,Debit,0
1877,2371.05,Credit,0
1878,4223.0,Credit,1
1879,2588.5,Credit,0
1880,2556.57,Credit,0
1881,779.23,Credit,0
1882,1409.85,Debit,0
1883,4691.97,Debit,0
1884,1633.24,Debit,1
1885,413.03,Credit,0
1886,1529.63,Debit,1
1887,3489.82,Credit,1
1888,2406.8,Debit,0
1889,2747.75,Credit,1
1890,2551.5,Credit,0
1891,781.98,Credit,1
1892,2159.5,Debit,0
1893,2776.95,Debit,0
1894,3403.84,Credit,1
1895,2444.2,Credit,0
1896,1183.92,Credit,0
1897,4175.4,Credit,1
1898,2730.08,Credit,0
1899,2429.33,Debit,0
1900,2232.16,Debit,0
1901,1497.11,Debit,0
1902,1335.83,Credit,0
1903,558.31,Credit,0
1904,929.08,Debit,1
1905,334.17,Debit,1
1906,1203.24,Debit,0
1907,3817.72,Credit,1
1908,3195.6,Credit,1
1909,1421.28,Debit,0
1910,2235.01,Credit,1
1911,33.04,Debit,0
1912,1895.68,Debit,0
1913,2179.35,Debit,0
1914,820.89,Credit,0
1915,4369.01,Credit,1
1916,851.8,Debit,0
1917,4465.33,Credit,1
1918,3085.45,Credit,1
1919,4607.7,Credit,1
1920,1811.28,Debit,0
1921,418.34,Debit,0
1922,2570.85,Debit,0
1923,3004.21,Debit,0
1924,518.62,Credit,0
1925,1673.86,Debit,0
1926,3073.41,Credit,1
1927,1803.43,Debit,0
1928,4751.54,Credit,1
1929,2650.19,Credit,0
1930,347.84,Debit,0
1931,612.14,Debit,0
1932,445.24,Debit,0
1933,2015.07,Debit,0
1934,3965.22,Debit,0
1935,3943.06,Debit,0
1936,4872.9,Credit,1
1937,4541.49,Debit,0
1938,4133.0,Debit,0
1939,2496.02,Debit,0
1940,2873.49,Credit,1
1941,2151.85,Credit,0
1942,3782.22,Debit,0
1943,4563.81,Debit,0
1944,3748.1,Debit,1
1945,615.53,Credit,0
1946,4816.45,Credit,1
1947,1232.71,Credit,0
1948,4657.69,Credit,1
1949,842.22,Credit,0
1950,674.04,Debit,0
1951,2835.84,Debit,0
1952,3400.15,Debit,0
1953,3826.03,Debit,1
1954,3011.7,Credit,1
1955,1433.74,Credit,0
1956,4152.42,Credit,1
1957,2609.95,Credit,0
1958,401.15,Debit,1
1959,4749.16,Credit,1
1960,3743.54,Debit,0
1961,2625.08,Debit,0
1962,804.56,Credit,0
1963,1612.02,Debit,0
1964,4280.45,Credit,1
1965,1999.44,Credit,0
1966,2557.29,Credit,0
1967,2686.03,Debit,0
1968,4377.65,Credit,1
1969,2286.45,Credit,0
1970,3336.46,Debit,0
1971,4267.04,Debit,0
1972,4495.66,Debit,0
1973,4816.71,Debit,0
1974,1325.82,Debit,0
1975,864.38,Debit,0
1976,4173.02,Debit,1
1977,2874.14,Debit,1
1978,2815.0,Credit,1
1979,3505.28,Credit,1
1980,551.74,Debit,0
1981,3455.35,Credit,1
1982,512.91,Credit,0
1983,936.89,Debit,0
1984,1379.25,Debit,1
1985,3910.94,Debit,1
1986,2814.22,Credit,0
1987,4206.72,Credit,1
1988,4071.93,Credit,1
1989,3388.71,Credit,1
1990,574.44,Credit,0
1991,821.05,Credit,0
1992,2204.79,Debit,1
1993,1224.72,Credit,0
1994,2272.89,Debit,0
1995,2662.59,Credit,0
1996,4064.24,Credit,1
1997,774.03,Credit,1
1998,4748.64,Debit,0
1999,3592.77,Credit,1
2000,3731.14,Debit,0
2001,4158.77,Debit,0
2002,4796.65,Debit,0
2003,1736.32,Credit,1
2004,1786.26,Debit,0
2005,1920.48,Debit,0
2006,4475.11,Debit,0
2007,104.8,Debit,1
2008,3207.81,Debit,0
2009,2339.31,Credit,0
2010,2398.24,Debit,0
2011,782.48,Debit,1
2012,2873.47,Credit,0
2013,2180.75,Debit,0
2014,2541.79,Credit,1
2015,2736.28,Debit,0
2016,4262.93,Credit,1
2017,3601.46,Credit,1
2018,758.01,Credit,0
2019,877.51,Credit,0
2020,231.07,Debit,0
2021,2315.03,Credit,1
2022,1976.54,Debit,0
2023,90.26,Credit,0
2024,1195.97,Debit,0
2025,1013.59,Credit,0
2026,1606.43,Credit,0
2027,2529.98,Debit,0
2028,113.08,Credit,0
2029,1367.9,Credit,1
2030,1534.69,Credit,0
2031,4401.85,Debit,0
2032,794.53,Credit,1
2033,1497.58,Debit,0
2034,2111.83,Credit,1
2035,4253.18,Debit,0
2036,3844.48,Debit,0
2037,4521.32,Credit,1
2038,2560.32,Credit,0
2039,81.42,Debit,0
2040,408.19,Debit,0
2041,4830.09,Credit,1
2042,1518.79,Debit,0
2043,3799.35,Debit,1
2044,3486.27,Credit,1
2045,2018.28,Credit,0
2046,3018.65,Credit,1
2047,3369.33,Debit,0
2048,1891.93,Debit,0
2049,114.22,Credit,0
2050,4710.88,Credit,1
2051,2098.33,Debit,0
2052,2973.32,Debit,0
2053,1649.46,Debit,0
2054,4767.41,Debit,0
2055,4881.78,Credit,1
2056,1243.07,Credit,1
2057,1347.73,Debit,0
2058,3943.54,Debit,1
2059,2127.01,Debit,0
2060,1621.11,Credit,1
2061,2681.64,Debit,1
2062,166.24,Credit,0
2063,1775.71,Debit,0
2064,4047.13,Credit,1
2065,950.31,Debit,0
2066,3523.79,Debit,1
2067,4165.01,Credit,1
2068,2464.04,Credit,0
2069,303.79,Debit,0
2070,4151.01,Credit,1
2071,1064.98,Debit,1
2072,4815.94,Credit,1
2073,4753.58,Debit,0
2074,2071.45,Credit,0
2075,1188.26,Credit,0
2076,474.07,Credit,0
2077,1333.66,Credit,0
2078,2864.4,Credit,0
2079,4989.55,Credit,1
2080,1975.31,Credit,1
2081,2117.99,Debit,1
2082,4670.33,Credit,1
2083,3051.28,Credit,1
2084,3148.58,Debit,1
2085,1397.35,Credit,0
2086,2584.01,Debit,0
2087,2941.35,Debit,1
2088,405.15,Debit,0
2089,4687.62,Debit,0
2090,4359.99,Debit,0
2091,143.3,Credit,0
2092,2723.28,Debit,1
2093,625.93,Credit,1
2094,290.17,Debit,0
2095,188.52,Credit,0
2096,1106.43,Credit,0
2097,1417.98,Credit,1
2098,1293.5,Debit,0
2099,2777.36,Debit,0
2100,2579.45,Credit,1
2101,3170.2,Credit,1
2102,1460.36,Credit,0
2103,3577.42,Debit,0
2104,4431.83,Credit,1
2105,2381.33,Credit,0
2106,3131.54,Debit,0
2107,1433.66,Debit,0
2108,4704.04,Debit,1
2109,3003.15,Debit,0
2110,2439.79,Credit,0
2111,2757.28,Debit,0
2112,1936.75,Credit,1
2113,3308.51,Debit,0
2114,1454.73,Debit,0
2115,2051.84,Debit,0
2116,1805.3,Credit,0
2117,916.11,Debit,0
2118,3434.02,Debit,1
2119,4393.96,Credit,1
2120,3241.98,Credit,1
2121,4081.76,Debit,0
2122,2970.43,Debit,0
2123,3883.45,Credit,1
2124,1152.98,Credit,1
2125,4337.1,Credit,1
2126,3446.32,Debit,1
2127,4389.48,Debit,0
2128,3931.16,Credit,1
2129,4955.65,Credit,1
2130,311.16,Credit,1
2131,854.47,Debit,0
2132,125.83,Credit,0
2133,2480.57,Debit,0
2134,1664.49,Credit,0
2135,3086.69,Debit,0
2136,363.48,Debit,0
2137,4888.76,Credit,1
2138,1848.61,Credit,0
2139,181.09,Debit,0
2140,1911.66,Credit,0
2141,3095.67,Credit,1
2142,4800.15,Debit,0
2143,2268.99,Debit,0
2144,3370.41,Credit,1
2145,4847.2,Debit,0
2146,599.59,Debit,0
2147,3364.63,Credit,1
2148,241.36,Credit,1
2149,1217.27,Debit,0
2150,2640.29,Debit,0
2151,1833.47,Debit,1
2152,1857.88,Credit,0
2153,1638.06,Credit,0
2154,211.8,Debit,0
2155,869.08,Credit,0
2156,4366.55,Debit,0
2157,4979.72,Credit,1
2158,59.56,Debit,0
2159,475.94,Debit,0
2160,4912.27,Debit,0
2161,4808.47,Credit,1
2162,4893.96,Credit,1
2163,1309.55,Debit,1
2164,1231.96,Debit,0
2165,4274.76,Credit,1
2166,3468.86,Debit,0
2167,4749.75,Debit,0
2168,2940.95,Credit,0
2169,1507.72,Credit,1
2170,4710.72,Credit,1
2171,4634.9,Credit,1
2172,2960.23,Credit,0
2173,1920.48,Credit,0
2174,1188.91,Credit,0
2175,2431.3,Credit,0
2176,2710.08,Credit,0
2177,1779.08,Credit,1
2178,78.26,Debit,0
2179,166.24,Credit,1
2180,2520.99,Debit,0
2181,4384.82,Debit,0
2182,966.9,Debit,1
2183,4963.11,Credit,1
2184,3065.42,Credit,1
2185,277.36,Credit,0
2186,4366.33,Debit,0
2187,954.99,Credit,0
2188,4586.76,Debit,1
2189,4371.1,Debit,0
2190,1543.84,Debit,0
2191,3778.69,Debit,0
2192,2553.89,Debit,0
2193,3832.93,Credit,1
2194,2661.17,Debit,0
2195,4660.0,Debit,0
2196,867.44,Debit,0
2197,303.49,Debit,0
2198,2428.13,Debit,1
2199,525.17,Debit,0
2200,4940.52,Debit,1
2201,258.39,Credit,0
2202,3877.48,Credit,1
2203,4058.5,Credit,1
2204,362.41,Credit,0
2205,1650.7,Credit,0
2206,3995.3,Debit,0
2207,4331.34,Debit,1
2208,3337.43,Debit,0
2209,3315.15,Debit,1
2210,1117.53,Debit,1
2211,4309.99,Credit,1
2212,414.78,Debit,0
2213,3880.76,Credit,1
2214,694.05,Debit,0
2215,2300.06,Debit,1
2216,1260.29,Debit,0
2217,2398.37,Debit,0
2218,17.18,Credit,0
2219,3961.34,Debit,0
2220,4953.69,Debit,0
2221,418.89,Credit,1
2222,343.23,Credit,0
2223,4025.22,Credit,1
2224,449.37,Credit,0
2225,3925.12,Debit,0
2226,1894.37,Credit,0
2227,3699.79,Debit,0
2228,4509.56,Debit,1
2229,3147.37,Credit,1
2230,4678.63,Debit,0
2231,4230.79,Credit,1
2232,2011.45,Debit,0
2233,986.0,Debit,0
2234,2630.34,Debit,0
2235,4021.96,Credit,1
2236,2933.03,Credit,0
2237,4273.33,Debit,0
2238,4121.32,Credit,1
2239,2109.18,Debit,0
2240,1808.46,Debit,0
2241,3659.33,Debit,1
2242,2489.43,Credit,0
2243,1184.12,Credit,0
2244,900.45,Debit,0
2245,4578.03,Credit,1
2246,4367.87,Debit,0
2247,514.56,Credit,0
2248,2069.71,Debit,0
2249,1333.31,Debit,1
2250,730.03,Debit,0
2251,2612.52,Debit,1
2252,4749.43,Credit,1
2253,3281.55,Debit,0
2254,2367.71,Credit,1
2255,4376.67,Credit,1
2256,330.74,Credit,0
2257,3277.23,Debit,0
2258,3444.93,Debit,0
2259,1360.67,Debit,0
2260,4238.87,Credit,1
2261,3482.78,Debit,0
2262,3412.9,Credit,1
2263,4461.52,Credit,1
2264,2038.77,Credit,0
2265,4419.6,Debit,0
2266,4405.45,Debit,0
2267,2620.96,Debit,1
2268,327.83,Credit,1
2269,3971.03,Credit,1
2270,3933.24,Credit,1
2271,2115.63,Credit,0
2272,3254.36,Debit,1
2273,2419.51,Debit,1
2274,2933.81,Credit,0
2275,4113.43,Credit,1
2276,3994.18,Debit,0
2277,1359.25,Debit,0
2278,1293.87,Credit,0
2279,757.93,Credit,1
2280,2131.29,Debit,0
2281,645.81,Credit,0
2282,3175.01,Credit,1
2283,4958.9,Credit,1
2284,3357.24,Debit,0
2285,3412.57,Credit,1
2286,3421.9,Credit,1
2287,3884.92,Debit,0
2288,4161.57,Credit,1
2289,4244.07,Credit,1
2290,3978.53,Credit,1
2291,1894.95,Credit,0
2292,482.99,Credit,0
2293,3121.46,Credit,1
2294,1165.41,Debit,0
2295,3605.94,Credit,1
2296,3039.69,Debit,0
2297,1497.96,Credit,1
2298,4608.63,Credit,1
2299,1931.87,Debit,0
2300,3602.67,Debit,0
2301,2666.37,Debit,1
2302,4914.95,Credit,1
2303,3091.99,Credit,1
2304,1391.83,Debit,0
2305,1072.5,Debit,1
2306,4583.26,Credit,1
2307,3251.07,Debit,1
2308,1655.37,Debit,0
2309,133.39,Debit,0
2310,4358.44,Debit,0
2311,3263.09,Credit,1
2312,4717.07,Credit,1
2313,2570.01,Debit,0
2314,1387.66,Credit,0
2315,1809.65,Credit,0
2316,3345.24,Credit,1
2317,2776.29,Debit,0
2318,1343.72,Debit,1
2319,3220.58,Credit,1
2320,1576.89,Credit,0
2321,4027.09,Credit,1
2322,3993.79,Credit,1
2323,851.2,Debit,0
2324,3194.79,Credit,1
2325,1897.19,Debit,0
2326,2003.09,Debit,0
2327,543.21,Debit,0
2328,3950.88,Credit,1
2329,2464.89,Credit,1
2330,3981.75,Credit,1
2331,525.0,Credit,0
2332,1655.04,Credit,0
2333,977.24,Debit,0
2334,4221.7,Debit,1
2335,1892.89,Debit,0
2336,3895.01,Debit,0
2337,294.34,Debit,0
2338,3626.19,Debit,0
2339,3636.75,Credit,1
2340,3813.67,Debit,0
2341,2770.54,Debit,0
2342,3172.9,Credit,1
2343,3794.08,Debit,0
2344,4055.06,Debit,1
2345,742.8,Debit,0
2346,1313.66,Debit,0
2347,2561.74,Debit,0
2348,2237.49,Debit,1
2349,3703.74,Debit,0
2350,1275.52,Debit,1
2351,2694.67,Debit,0
2352,1243.85,Debit,0
2353,3513.7,Debit,0
2354,245.14,Debit,0
2355,4229.12,Debit,0
2356,2788.65,Credit,0
2357,3430.92,Debit,0
2358,3027.71,Debit,0
2359,253.48,Debit,1
2360,3677.1,Credit,1
2361,3872.55,Debit,0
2362,4282.69,Credit,1
2363,2535.28,Debit,1
2364,2186.76,Credit,0
2365,201.98,Credit,1
2366,4532.83,Debit,0
2367,4229.28,Debit,0
2368,467.08,Debit,0
2369,3429.14,Debit,0
2370,1957.51,Debit,0
2371,4564.12,Credit,1
2372,1305.64,Debit,0
2373,3479.6,Debit,0
2374,761.6,Credit,0
2375,1269.04,Debit,0
2376,2078.4,Credit,0
2377,2222.5,Credit,1
2378,3107.62,Credit,1
2379,872.4,Debit,1
2380,4890.35,Credit,1
2381,1460.41,Credit,0
2382,1956.5,Credit,1
2383,2461.51,Debit,0
2384,1695.02,Credit,0
2385,1312.44,Credit,0
2386,3666.71,Credit,1
2387,2218.48,Debit,0
2388,47.24,Credit,0
2389,1727.13,Credit,0
2390,4787.36,Debit,0
2391,4260.9,Credit,1
2392,4607.52,Credit,1
2393,337.81,Debit,1
2394,4686.84,Credit,1
2395,4973.04,Debit,0
2396,2151.26,Debit,0
2397,2542.64,Credit,1
2398,2330.57,Debit,0
2399,1418.89,Credit,1
2400,4242.3,Debit,1
2401,851.23,Debit,0
2402,687.65,Debit,1
2403,4892.41,Credit,1
2404,4059.07,Debit,0
2405,4251.29,Debit,0
2406,2154.5,Debit,0
2407,2703.33,Credit,0
2408,47.08,Debit,0
2409,1146.92,Credit,0
2410,4509.67,Credit,1
2411,1137.06,Debit,0
2412,3055.87,Credit,1
2413,1178.51,Debit,0
2414,3276.93,Debit,0
2415,3304.0,Credit,1
2416,226.17,Credit,1
2417,2051.74,Credit,0
2418,4760.32,Credit,1
2419,251.47,Credit,0
2420,2970.16,Debit,1
2421,1457.78,Debit,1
2422,3143.32,Debit,1
2423,187.66,Debit,0
2424,4565.15,Credit,1
2425,4655.19,Debit,0
2426,443.29,Credit,0
2427,1480.06,Credit,0
2428,88.05,Debit,0
2429,2522.95,Debit,0
2430,1054.47,Debit,0
2431,2752.64,Credit,1
2432,29.5,Debit,0
2433,1659.57,Debit,0
2434,1784.3,Credit,0
2435,1573.79,Debit,0
2436,136.95,Debit,0
2437,2429.44,Credit,0
2438,1746.82,Debit,0
2439,23.81,Debit,0
2440,4694.47,Credit,1
2441,505.35,Debit,0
2442,950.35,Debit,0
2443,1719.13,Credit,0
2444,2798.54,Credit,0
2445,2107.07,Debit,0
2446,4251.12,Debit,0
2447,2482.27,Credit,1
2448,1119.42,Debit,0
2449,461.89,Debit,0
2450,4165.56,Debit,1
2451,1259.1,Credit,0
2452,2949.81,Debit,0
2453,4197.83,Debit,0
2454,4408.24,Credit,1
2455,973.64,Debit,0
2456,2422.32,Debit,0
2457,1538.17,Credit,1
2458,2790.57,Debit,0
2459,1907.62,Credit,1
2460,1840.93,Credit,0
2461,954.02,Credit,0
2462,4827.26,Credit,1
2463,4365.81,Debit,0
2464,380.03,Debit,0
2465,4573.35,Debit,1
2466,4680.64,Debit,0
2467,2159.82,Debit,0
2468,222.86,Credit,0
2469,4154.44,Credit,1
2470,3858.74,Credit,1
2471,3097.7,Debit,0
2472,3669.68,Debit,0
2473,4403.12,Credit,1
2474,4005.37,Credit,1
2475,2954.14,Credit,0
2476,1050.98,Debit,0
2477,265.05,Credit,0
2478,300.64,Credit,0
2479,2551.92,Debit,1
2480,1369.79,Credit,1
2481,23.14,Debit,0
2482,1163.89,Debit,0
2483,4961.04,Debit,0
2484,1132.2,Credit,1
2485,1285.99,Credit,0
2486,3452.98,Debit,0
2487,934.12,Credit,0
2488,157.47,Debit,0
2489,1488.23,Debit,1
2490,902.73,Debit,1
2491,151.9,Credit,0
2492,2863.23,Credit,1
2493,1759.93,Credit,1
2494,2224.95,Debit,0
2495,3366.31,Debit,0
2496,2132.12,Debit,0
2497,276.68,Debit,0
2498,3471.47,Credit,1
2499,4097.61,Debit,0
2500,1037.57,Debit,0
2501,3581.74,Credit,1
2502,3510.0,Credit,1
2503,435.18,Debit,1
2504,102.81,Debit,0
2505,2683.89,Debit,0
2506,405.21,Debit,1
2507,670.68,Credit,1
2508,4632.85,Credit,1
2509,3483.7,Debit,0
2510,3422.97,Debit,0
2511,1995.52,Debit,0
2512,1412.57,Credit,0
2513,3530.78,Debit,0
2514,1369.31,Credit,0
2515,140.04,Credit,0
2516,742.11,Credit,0
2517,3411.97,Debit,0
2518,528.28,Credit,0
2519,3654.09,Credit,1
2520,3822.2,Debit,0
2521,3969.6,Credit,1
2522,2216.94,Credit,0
2523,2552.14,Credit,0
2524,1957.04,Credit,1
2525,1433.95,Credit,0
2526,26.15,Debit,0
2527,2333.33,Credit,1
2528,222.43,Debit,0
2529,753.93,Debit,0
2530,3821.13,Debit,0
2531,1712.29,Debit,0
2532,1446.58,Debit,0
2533,269.41,Credit,0
2534,3136.91,Credit,1
2535,2807.48,Credit,0
2536,837.62,Debit,0
2537,4187.84,Credit,1
2538,3717.78,Credit,1
2539,3101.36,Debit,0
2540,2087.79,Credit,0
2541,4124.06,Credit,1
2542,3237.83,Credit,1
2543,1603.77,Credit,1
2544,4599.02,Debit,0
2545,3364.51,Debit,1
2546,186.35,Debit,0
2547,719.85,Credit,0
2548,2904.88,Credit,0
2549,2244.12,Debit,0
2550,394.91,Debit,1
2551,1268.84,Debit,0
2552,4629.85,Debit,0
2553,4995.04,Credit,1
2554,2624.81,Credit,0
2555,3250.48,Debit,0
2556,1453.1,Debit,1
2557,4314.03,Credit,1
2558,1847.33,Credit,0
2559,3665.75,Debit,0
2560,3417.81,Debit,1
2561,3148.3,Debit,0
2562,3123.42,Credit,1
2563,963.23,Debit,0
2564,2981.2,Debit,1
2565,495.03,Credit,0
2566,1863.91,Debit,1
2567,605.68,Credit,0
2568,4246.07,Debit,0
2569,662.35,Debit,0
2570,512.26,Debit,0
2571,4401.74,Credit,1
2572,4226.83,Debit,1
2573,3818.14,Debit,0
2574,4271.11,Credit,1
2575,624.79,Credit,0
2576,4501.1,Debit,0
2577,1764.02,Credit,0
2578,756.5,Credit,0
2579,819.81,Debit,0
2580,2592.22,Credit,1
2581,4061.24,Debit,0
2582,3756.83,Credit,1
2583,1471.83,Debit,0
2584,2774.0,Credit,0
2585,1475.28,Debit,0
2586,4894.49,Debit,0
2587,3326.62,Debit,0
2588,474.43,Debit,0
2589,651.29,Credit,0
2590,4908.92,Debit,0
2591,4211.0,Debit,0
2592,2336.63,Credit,0
2593,3735.37,Credit,1
2594,2708.82,Debit,0
2595,1682.41,Credit,0
2596,2902.77,Credit,0
2597,3583.02,Debit,0
2598,864.5,Credit,0
2599,2211.61,Debit,0
2600,413.85,Credit,0
2601,3330.81,Debit,0
2602,2011.1,Credit,0
2603,3139.69,Credit,1
2604,3447.26,Debit,0
2605,2759.08,Debit,0
2606,4760.76,Debit,0
2607,412.59,Credit,0
2608,691.32,Credit,0
2609,4686.2,Credit,1
2610,2594.67,Credit,0
2611,3761.32,Credit,1
2612,2892.67,Debit,0
2613,3884.19,Credit,1
2614,986.44,Debit,1
2615,1821.07,Credit,0
2616,2957.51,Debit,0
2617,4389.65,Credit,1
2618,2023.47,Debit,0
2619,4123.4,Credit,1
2620,103.29,Debit,0
2621,4375.8,Debit,0
2622,2282.78,Credit,1
2623,2100.63,Credit,0
2624,666.13,Credit,0
2625,2471.32,Credit,1
2626,1777.08,Credit,0
2627,3034.52,Debit,0
2628,700.04,Debit,0
2629,4808.84,Debit,1
2630,262.3,Credit,0
2631,2623.49,Credit,0
2632,1271.88,Debit,0
2633,745.91,Debit,0
2634,4563.4,Debit,0
2635,297.41,Credit,0
2636,2645.39,Debit,0
2637,2285.17,Debit,1
2638,2200.64,Debit,1
2639,1463.32,Credit,0
2640,3918.35,Credit,1
2641,1616.15,Debit,0
2642,1898.09,Debit,0
2643,958.22,Credit,0
2644,2283.06,Credit,1
2645,4926.26,Debit,0
2646,4265.34,Credit,1
2647,3529.43,Credit,1
2648,2748.41,Debit,0
2649,1025.85,Credit,0
2650,4140.8,Debit,1
2651,361.54,Credit,1
2652,1499.19,Credit,0
2653,217.38,Debit,0
2654,1753.9,Credit,0
2655,4412.23,Credit,1
2656,2863.65,Credit,1
2657,3253.97,Credit,1
2658,4698.26,Credit,1
2659,3703.7,Credit,1
2660,4069.1,Credit,1
2661,2995.49,Debit,1
2662,4480.1,Credit,1
2663,2836.43,Debit,0
2664,1636.7,Debit,0
2665,4170.13,Credit,1
2666,3144.89,Credit,1
2667,3595.28,Credit,1
2668,2831.75,Debit,0
2669,4107.76,Credit,1
2670,2746.35,Debit,0
2671,4248.52,Credit,1
2672,3964.12,Credit,1
2673,2240.75,Debit,0
2674,3397.54,Debit,0
2675,21.78,Debit,0
2676,4328.96,Debit,0
2677,2796.18,Credit,0
2678,1456.59,Credit,0
2679,4029.52,Debit,1
2680,2860.0,Debit,0
2681,2011.21,Credit,0
2682,3097.39,Debit,0
2683,3353.87,Credit,1
2684,416.28,Debit,0
2685,654.86,Debit,0
2686,1614.97,Credit,0
2687,3876.7,Credit,1
2688,4772.64,Debit,1
2689,1722.63,Credit,0
2690,1665.59,Debit,0
2691,402.56,Credit,0
2692,3678.31,Debit,1
2693,4009.77,Debit,0
2694,4654.0,Credit,1
2695,3384.19,Credit,1
2696,4106.29,Credit,1
2697,2809.35,Debit,0
2698,748.93,Credit,0
2699,1013.29,Debit,0
2700,3592.28,Credit,1
2701,2506.09,Debit,0
2702,1703.2,Debit,0
2703,1752.43,Credit,0
2704,792.6,Credit,0
2705,4046.29,Debit,0
2706,1731.41,Credit,1
2707,4652.52,Debit,1
2708,4776.1,Debit,0
2709,4945.26,Credit,1
2710,4514.92,Debit,0
2711,3315.64,Credit,1
2712,1517.04,Debit,1
2713,4420.65,Credit,1
2714,4535.63,Credit,1
2715,143.45,Debit,0
2716,1007.62,Credit,0
2717,4230.7,Debit,0
2718,3324.97,Debit,0
2719,4654.32,Credit,1
2720,1809.36,Credit,0
2721,3511.78,Debit,0
2722,145.95,Debit,0
2723,1407.25,Credit,0
2724,4069.75,Debit,0
2725,145.5,Debit,1
2726,2105.33,Credit,0
2727,4998.81,Credit,1
2728,2494.25,Debit,0
2729,3297.83,Debit,0
2730,2916.37,Credit,0
2731,3588.91,Debit,0
2732,1663.98,Debit,0
2733,1281.0,Debit,0
2734,1760.65,Debit,0
2735,1006.79,Debit,0
2736,3777.49,Credit,1
2737,3359.5,Debit,0
2738,363.92,Credit,0
2739,3819.55,Debit,0
2740,1566.69,Debit,0
2741,241.41,Credit,0
2742,3641.26,Credit,1
2743,1245.39,Credit,0
2744,3061.09,Credit,1
2745,1345.44,Credit,0
2746,105.77,Credit,0
2747,3330.03,Debit,0
2748,31.13,Credit,0
2749,2276.52,Debit,0
2750,939.15,Credit,0
2751,3008.89,Debit,0
2752,4695.51,Credit,1
2753,2681.13,Credit,0
2754,4931.22,Credit,1
2755,437.86,Debit,0
2756,507.72,Debit,0
2757,2810.81,Debit,0
2758,4611.1,Debit,0
2759,2206.16,Debit,0
2760,3949.34,Debit,0
2761,2240.15,Credit,0
2762,2407.63,Debit,1
2763,2036.15,Debit,1
2764,936.6,Credit,1
2765,1170.76,Credit,0
2766,1774.27,Credit,0
2767,2019.54,Debit,0
2768,4898.02,Credit,1
2769,4606.4,Debit,0
2770,3273.81,Debit,0
2771,3756.57,Debit,0
2772,786.04,Debit,1
2773,1308.24,Debit,0
2774,1342.98,Credit,0
2775,4371.11,Credit,1
2776,4025.42,Debit,0
2777,1088.67,Debit,0
2778,2208.36,Debit,0
2779,3125.07,Debit,0
2780,4674.43,Debit,0
2781,162.01,Credit,0
2782,4579.31,Debit,0
2783,1144.54,Debit,1
2784,245.61,Credit,0
2785,2737.93,Credit,0
2786,4620.07,Debit,1
2787,3431.31,Credit,1
2788,2912.03,Debit,1
2789,3329.2,Debit,0
2790,786.72,Credit,0
2791,3897.82,Debit,1
2792,3449.15,Debit,1
2793,4298.83,Debit,0
2794,1515.62,Credit,0
2795,2109.45,Debit,0
2796,4897.1,Credit,1
2797,4916.32,Credit,1
2798,1895.59,Credit,0
2799,2588.1,Debit,0
2800,548.96,Debit,0
2801,3913.11,Debit,0
2802,2960.42,Debit,0
2803,727.46,Debit,0
2804,2391.24,Credit,0
2805,4097.37,Credit,1
2806,3965.89,Debit,0
2807,240.1,Credit,0
2808,4463.97,Credit,1
2809,4031.14,Credit,1
2810,3593.0,Credit,1
2811,4114.28,Debit,0
2812,735.72,Debit,0
2813,144.89,Credit,0
2814,4050.07,Debit,0
2815,2975.68,Credit,0
2816,4991.48,Credit,1
2817,1527.25,Debit,0
2818,50.22,Credit,0
2819,4135.08,Credit,1
2820,1073.48,Credit,0
2821,1680.57,Debit,0
2822,3377.24,Credit,1
2823,1513.7,Credit,0
2824,1500.46,Debit,1
2825,1942.94,Debit,0
2826,345.38,Debit,0
2827,3287.84,Credit,1
2828,2404.76,Credit,0
2829,4813.2,Credit,1
2830,2228.43,Debit,1
2831,3775.17,Debit,0
2832,4282.97,Debit,0
2833,4198.62,Debit,0
2834,4687.63,Debit,0
2835,3696.93,Debit,0
2836,2661.11,Debit,0
2837,376.31,Debit,0
2838,2552.28,Debit,0
2839,4867.52,Credit,1
2840,40.53,Debit,0
2841,1982.37,Credit,1
2842,2543.44,Debit,0
2843,1689.19,Debit,0
2844,233.32,Debit,1
2845,4764.4,Debit,0
2846,316.75,Debit,1
2847,3379.41,Debit,0
2848,2351.13,Credit,0
2849,1687.47,Credit,0
2850,2649.4,Debit,1
2851,708.44,Debit,0
2852,4837.95,Debit,0
2853,339.9,Debit,0
2854,3951.05,Debit,1
2855,2354.71,Debit,0
2856,2440.97,Debit,1
2857,3266.16,Debit,0
2858,2703.4,Credit,0
2859,4569.73,Credit,1
2860,2522.91,Debit,0
2861,3921.9,Credit,1
2862,3778.5,Credit,1
2863,3312.28,Credit,1
2864,2548.86,Credit,0
2865,1221.79,Credit,0
2866,613.47,Credit,0
2867,185.19,Debit,0
2868,285.67,Credit,0
2869,2118.21,Credit,0
2870,1530.21,Credit,0
2871,216.33,Credit,0
2872,1038.35,Credit,0
2873,1783.55,Credit,0
2874,81.81,Debit,0
2875,3353.78,Debit,0
2876,1389.58,Debit,0
2877,1049.72,Credit,0
2878,3682.72,Credit,1
2879,4959.0,Credit,1
2880,2168.5,Credit,0
2881,1587.77,Credit,0
2882,1323.2,Debit,0
2883,1729.45,Credit,0
2884,3172.19,Credit,1
2885,1843.32,Credit,0
2886,1170.15,Debit,1
2887,3735.31,Credit,1
2888,4428.52,Credit,1
2889,3231.36,Credit,1
2890,4897.4,Debit,0
2891,2721.89,Credit,0
2892,2741.03,Debit,0
2893,2186.86,Debit,0
2894,3372.91,Credit,1
2895,3468.92,Debit,0
2896,884.59,Debit,0
2897,1381.54,Debit,1
2898,648.99,Debit,0
2899,542.83,Credit,1
2900,1288.88,Debit,0
2901,218.05,Credit,0
2902,4427.49,Debit,0
2903,3332.02,Credit,1
2904,1435.51,Debit,0
2905,2219.43,Credit,1
2906,3099.6,Debit,0
2907,292.58,Credit,0
2908,4920.26,Credit,1
2909,62.2,Debit,1
2910,4836.06,Debit,0
2911,3630.92,Credit,1
2912,4504.41,Credit,1
2913,178.44,Debit,1
2914,3607.95,Debit,0
2915,4338.34,Credit,1
2916,525.07,Debit,0
2917,4078.02,Credit,1
2918,1482.61,Debit,1
2919,852.14,Debit,0
2920,4933.42,Credit,1
2921,4016.48,Credit,1
2922,2978.36,Credit,0
2923,2792.56,Credit,0
2924,3139.5,Credit,1
2925,465.1,Debit,0
2926,1634.32,Debit,0
2927,2669.87,Debit,0
2928,4927.58,Credit,1
2929,2175.25,Debit,0
2930,39.44,Credit,0
2931,701.93,Credit,0
2932,1440.06,Credit,0
2933,1655.71,Debit,0
2934,4948.03,Credit,1
2935,1332.51,Credit,1
2936,4474.28,Credit,1
2937,3409.22,Credit,1
2938,4360.69,Credit,1
2939,2796.15,Credit,0
2940,4032.19,Credit,1
2941,213.0,Credit,0
2942,1488.29,Debit,1
2943,2342.38,Credit,1
2944,2942.37,Credit,0
2945,4587.42,Debit,1
2946,371.3,Credit,0
2947,152.36,Credit,0
2948,3864.52,Credit,1
2949,1589.19,Credit,0
2950,1018.85,Debit,0
2951,2691.76,Credit,0
2952,4270.39,Debit,0
2953,4848.76,Credit,1
2954,4170.15,Debit,0
2955,4817.81,Credit,1
2956,1094.81,Debit,0
2957,3619.71,Credit,1
2958,1263.34,Credit,0
2959,3895.84,Debit,0
2960,84.98,Debit,0
2961,3520.02,Credit,1
2962,4770.61,Credit,1
2963,1319.22,Credit,0
2964,621.06,Credit,0
2965,2400.33,Credit,1
2966,1525.54,Credit,0
2967,4309.99,Credit,1
2968,1787.06,Debit,0
2969,1792.01,Debit,0
2970,1348.99,Debit,0
2971,1085.72,Credit,0
2972,575.99,Debit,0
2973,3688.85,Credit,1
2974,1277.74,Debit,0
2975,425.03,Credit,0
2976,1045.52,Debit,1
2977,3537.61,Credit,1
2978,1864.16,Credit,0
2979,1484.07,Debit,0
2980,3742.32,Credit,1
2981,3364.74,Credit,1
2982,3652.88,Debit,0
2983,3463.32,Credit,1
2984,4546.79,Debit,0
2985,355.14,Debit,0
2986,1873.35,Debit,0
2987,2650.42,Credit,1
2988,2337.12,Debit,0
2989,2512.37,Credit,1
2990,3510.89,Debit,1
2991,2916.45,Debit,0
2992,4867.77,Debit,0
2993,391.24,Credit,1
2994,630.24,Credit,0
2995,4615.69,Credit,1
2996,3075.06,Debit,0
2997,291.45,Debit,0
2998,4542.76,Credit,1
2999,1905.74,Debit,0
3000,4737.29,Credit,1
